<resources>
    <string name="app_name">Стать психически здоровым за 30 дней</string>
    <string name="button_description">Посмотреть</string>
    <string name="plan">План на сегодня</string>
    <string name="tip_1">1: Осознай свои мысли</string>
    <string name="tip_1_d">Обрати внимание на свои мысли и эмоции в течение дня.
Записывай свои мысли и чувства в дневник.</string>
    <string name="tip_2">2: Практикуй благодарность</string>
    <string name="tip_2_d">Выделяй время каждый день, чтобы выражать благодарность за то, что есть в твоей жизни.
Записывай три вещи, за которые ты благодарен.</string>
    <string name="tip_3">3: Установи здоровые границы</string>
    <string name="tip_3_d">Научись говорить "нет" вещам, которые тебе не нравятся или которые вредят твоему психическому здоровью.
Защищай свое время и энергию.</string>
    <string name="tip_4">4: Учись прощать</string>
    <string name="tip_4_d">Прости себя и других за прошлые ошибки.
Отпусти обиды и негатив.</string>
    <string name="tip_5">5: Практикуй самосострадание</string>
    <string name="tip_5_d">Будь добрым и понимающим к себе.
Говори с собой с любовью и состраданием.</string>
    <string name="tip_6">6: Сосредоточься на настоящем моменте</string>
    <string name="tip_6_d">Обрати внимание на свои ощущения, мысли и эмоции в данный момент.
Практикуй осознанность через медитацию или глубокое дыхание.</string>
    <string name="tip_7">7: Заботься о своем физическом здоровье</string>
    <string name="tip_7_d">Регулярно занимайся физическими упражнениями.
Высыпайся.
Питайся здоровой пищей.</string>
    <string name="tip_8">8: Проводи время на природе</string>
    <string name="tip_8_d">Проводи время на свежем воздухе и в окружении природы.
Наслаждайся красотой и покоем природы.</string>
    <string name="tip_9">9: Общайся с близкими</string>
    <string name="tip_9_d">Общайся с друзьями, семьей и другими людьми, которые тебя поддерживают.
Делись своими мыслями и чувствами.</string>
    <string name="tip_10">День 10: Делай то, что тебе нравится</string>
    <string name="tip_10_d">Обрати внимание на свои ощущения, мысли и эмоции в данный момент.
Практикуй осознанность через медитацию или глубокое дыхание.</string>
    <string name="tip_11">11: Практикуй позитивное мышление</string>
    <string name="tip_11_d">Сосредоточься на позитивных мыслях и событиях.
Выражай благодарность за то, что у тебя есть.</string>
    <string name="tip_12">12: Учись справляться со стрессом</string>
    <string name="tip_12_d">Найди здоровые способы справиться со стрессом, такие как йога, медитация или общение с друзьями.
Избегай нездоровых механизмов совладания, таких как употребление алкоголя или наркотиков.</string>
    <string name="tip_13">13: Признай свои эмоции</string>
    <string name="tip_13_d">Позволь себе испытывать все свои эмоции, как положительные, так и отрицательные.
Не подавляй и не избегай своих эмоций.</string>
    <string name="tip_14">14: Практикуй саморефлексию</string>
    <string name="tip_14_d">Регулярно уделяй время размышлениям о своих мыслях, чувствах и поведении.
Учись на своих ошибках и вноси коррективы.</string>
    <string name="tip_15">15: Ставь реалистичные цели</string>
    <string name="tip_15_d">Ставь перед собой достижимые цели, которые мотивируют и вдохновляют тебя.
Не перегружай себя и не сравнивай себя с другими.</string>
    <string name="tip_16">16: Будь терпелив и добр к себе</string>
    <string name="tip_16_d">Улучшение психического здоровья требует времени и усилий.
Не расстраивайся, если у тебя будут неудачи.</string>
    <string name="tip_17">17: Обратись за профессиональной помощью</string>
    <string name="tip_17_d">Если ты борешься с психическим здоровьем, не стесняйся обращаться за профессиональной помощью.
Терапевт может помочь тебе справиться с проблемами и улучшить свое психическое благополучие.</string>
    <string name="tip_18">18: Практикуй самозаботу</string>
    <string name="tip_18_d">Уделяй время заботе о себе.
Делай то, что делает тебя счастливым и здоровым.</string>
    <string name="tip_19">19: Будь благодарен за то, что у тебя есть</string>
    <string name="tip_19_d">Сосредоточься на вещах, за которые ты благодарен в своей жизни.
Выражай благодарность другим.</string>
    <string name="tip_20">20: Прощай себя</string>
    <string name="tip_20_d">Прости себя за прошлые ошибки. Учись на своих ошибках и двигайся дальше.</string>
    <string name="tip_21">21: Практикуй позитивное мышление</string>
    <string name="tip_21_d">Сосредоточься на позитивных мыслях и событиях.
Выражай благодарность за то, что у тебя есть.</string>
    <string name="tip_22">22: Учись справляться со стрессом</string>
    <string name="tip_22_d">Найди здоровые способы справиться со стрессом, такие как йога, медитация или общение с друзьями.
Избегай нездоровых механизмов совладания, таких как употребление алкоголя или наркотиков.</string>
    <string name="tip_23">23: Признай свои эмоции</string>
    <string name="tip_23_d">Позволь себе испытывать все свои эмоции, как положительные, так и отрицательные.
Не подавляй и не избегай своих эмоций.</string>
    <string name="tip_24">24: Практикуй саморефлексию</string>
    <string name="tip_24_d">Регулярно уделяй время размышлениям о своих мыслях, чувствах и поведении.
Учись на своих ошибках и вноси коррективы.</string>
    <string name="tip_25"> 25: Ставь реалистичные цели</string>
    <string name="tip_25_d">Ставь перед собой достижимые цели, которые мотивируют и вдохновляют тебя.
Не перегружай себя и не сравнивай себя с другими.</string>
    <string name="tip_26">26: Будь терпелив и добр к себе</string>
    <string name="tip_26_d">Улучшение психического здоровья требует времени и усилий.
Не расстраивайся, если у тебя будут неудачи.</string>
    <string name="tip_27">27: Обратись за профессиональной помощью</string>
    <string name="tip_27_d">Если ты борешься с психическим здоровьем, не стесняйся обращаться за профессиональной помощью.
Терапевт может помочь тебе справиться с проблемами и улучшить свое психическое благополучие.</string>
    <string name="tip_28">28: Практикуй самозаботу</string>
    <string name="tip_28_d">Уделяй время заботе о себе.
Делай то, что делает тебя счастливым и здоровым.</string>
    <string name="tip_29">29: Будь благодарен за то, что у тебя есть</string>
    <string name="tip_29_d">Сосредоточься на вещах, за которые ты благодарен в своей жизни.
Выражай благодарность другим.</string>
    <string name="tip_30">30: Прощай себя</string>
    <string name="tip_30_d">Прости себя за прошлые ошибки.
Учись на своих ошибках и двигайся дальше.</string>

</resources>
